<?xml version="1.0" encoding="UTF-8" standalone="yes"?>
<addon id="script.service.philips-ovu710023-remote" name="Philips OVU710023 Remote Control" version="1.0.2" provider-name="Heckie">
	<extension point="xbmc.service" library="remote.py" start="login" />
	<extension point="xbmc.addon.metadata">
		<summary lang="en_gb">maps keys for Philips OVU710023 Remote Control</summary>
		<description lang="en_gb"></description>
		<disclaimer lang="en_gb"></disclaimer>
		<language></language>
		<platform>linux</platform>
		<license></license>
		<forum></forum>
		<website>https://github.com/Heckie75/kodi-addon-philips-ovu710023-remote
		</website>
		<email>github@heckie.de</email>
	</extension>
</addon>
